-- Carga datos en Tabla Socios

INSERT INTO Socios (rut,nom_compl, direccion,fono) VALUES 
('1111111-1','JUAN SOTO','AVENIDA 1 - SANTIAGO','911111111'),
('2222222-2','ANA PEREZ','PASAJE 2 - SANTIAGO','922222222'),
('3333333-3','SANDRA AGUILAR','AVENIDA 2 - SANTIAGO','933333333'),
('4444444-4','ESTEBAN JEREZ','AVENIDA 3 - SANTIAGO','944444444'),
('5555555-5','SILVANA MUNOZ','PASAJE 3 - SANTIAGO','955555555');

-- Carga datos en Tabla Libros

INSERT INTO Libros (isbn,pag, titulo) VALUES 
('111-111-111-111-1','344','CUENTOS DE TERROR'),
('222-222-222-222-2','167','POESIAS CONTEMPORANEAS'),
('333-333-333-333-3','511','HISTORIA DE ASIA'),
('444-444-444-444-4','298','MANUAL DE MECANICA');

-- Carga datos en Tabla Hist_prestms

INSERT INTO Hist_prestms (id_prestm,fech_ini,fech_fin_estim,fech_fin_real,rut_socio,isbn_libros) VALUES 
(DEFAULT,'2020-01-20','2020-01-27','2020-01-27','1111111-1','111-111-111-111-1'),
(DEFAULT,'2020-01-20','2020-01-27','2020-01-30','5555555-5','222-222-222-222-2'),
(DEFAULT,'2020-01-22','2020-01-29','2020-01-30','3333333-3','333-333-333-333-3'),
(DEFAULT,'2020-01-23','2020-01-30','2020-01-30','4444444-4','444-444-444-444-4'),
(DEFAULT,'2020-01-27','2020-02-03','2020-02-04','2222222-2','111-111-111-111-1'),
(DEFAULT,'2020-01-31','2020-02-07','2020-02-12','1111111-1','444-444-444-444-4'),
(DEFAULT,'2020-01-31','2020-02-07','2020-02-12','3333333-3','222-222-222-222-2');

-- Carga datos en Tabla Autores

INSERT INTO Autores (id_autor, nom_compl,tipo_autor,anyo_nac,anyo_fall,isbn_libros) VALUES 
(1,'ANDRES ULLOA','PRINCIPAL',1982,NULL,'222-222-222-222-2'),
(2,'SERGIO MARDONES','PRINCIPAL',1950,2012,'333-333-333-333-3'),
(3,'JOSE SALGADO','PRINCIPAL',1968,2020,'111-111-111-111-1'),
(4,'ANA SALGADO','COAUTOR',1972,NULL,'111-111-111-111-1'),
(5,'MARTIN PORTA','PRINCIPAL',1976,NULL,'444-444-444-444-4');

-- Carga datos en Tabla Multas

INSERT INTO Multas (id_multa,activa,precio,dias_atraso,monto,rut_socios,id_prestms) VALUES 
(DEFAULT,'NO',300,0,0,'1111111-1',1),
(DEFAULT,'YES',300,3,900,'5555555-5',2),
(DEFAULT,'YES',300,1,300,'3333333-3',3),
(DEFAULT,'NO',300,0,0,'4444444-4',4),
(DEFAULT,'YES',300,1,300,'2222222-2',5),
(DEFAULT,'YES',300,5,1500,'1111111-1',6),
(DEFAULT,'YES',300,5,1500,'3333333-3',7);


